HomeTeam,AwayTeam,HomeAvgPolarity,HomeAvgSubj,AwayAvgPolarity,AwayAvgSubj
Caen,Guingamp,0.08365002006911948,0.2769315752667744,0.07300474231744297,0.2624916649100137
Wolves,Chelsea,0.05172130377890559,0.3012166537512454,0.012186185727397578,0.3482651107799076
Brentford,Manchester United,-0.048057464011866016,0.29957376248623496,0.0525150234390054,0.2882155190488515
Liverpool,Newcastle,0.10854783802761156,0.3211175177547895,0.07954398737911803,0.3089980267254252
Norwich,Aston Villa,0.12689838733144074,0.30132038406094863,0.10549010836203887,0.3196892596452234
Norwich,ManU,0.08769190152359202,0.2838152643511976,0.11559347656141003,0.3047392253290692
