,HomeTeam,AwayTeam,HomeAvgPolarity,HomeAvgSubj,AwayAvgPolarity,AwayAvgSubj
0,Caen,Guingamp,0.08365002006911948,0.2769315752667744,0.07300474231744297,0.2624916649100137
